Workbook

Sheet 안내
B2: SYNK 지분 회수 대장
B4: 이 파일은 무엇인가
B5: 주주 한 사람이 「자기 지분에서 지금까지 돈을 얼마나 받아 갔는가」를 기록하는 장부입니다.
B6: 배당 상한(1%당 연 1,000만 원)과 「투자금의 10배를 회수했는가」를 판정하는 유일한 근거가 됩니다.
B7: 첫 배당이 몇 년 뒤라도 오늘 0원부터 기록해 두어야 나중에 다툼이 생기지 않습니다.
B9: 어디에 무엇을 적나 — 노란 칸만 손으로 채웁니다
B10: ① 주주 명부 : 사람마다 한 줄. 투자 원금과 지분율을 적습니다.
B11: ② 수령 기록 : 돈이 실제로 나간 날마다 한 줄씩 추가합니다. 배당·매각대금·감자·상환을 모두 적습니다.
B12: ③ 기여 보고 : 매달 사람마다 보고를 냈는지 O/X 로 적습니다.
B13: → 「주주 명부」의 회색 칸(합계·판정)은 자동으로 계산되니 손대지 않습니다.
B15: 왜 「기여 보고」 칸이 여기 있나
B16: 주주간 계약의 강제매수 조건 중 하나가 「월 기여 보고 3회 연속 미제출」입니다.
... B22: · 이 파일은 계약서가 아니라 «기록»입니다. 기준과 조건은 docs/지분설계_헌장.md 가 정본입니다.

Sheet 주주 명부
A1: 주주 이름 | B1: 구분 | C1: 합류일 | D1: 투자 원금(원) | E1: 지분율(%) | F1: 배당 수령 누계 | G1: 배당 외 회수 누계 | H1: 회수 합계 | I1: 10배 회수선 | J1: 10배 도달? | K1: 올해 배당 상한 | L1: 메모
A2: (예시) 홍길동 | B2: 실무자 주주 | C2: 2026-09-01 | D2: 50000000 | E2: 20 | F2: =IF($A2="","",SUMIFS('수령 기록'!$E$2:$E$201,'수령 기록'!$B$2:$B$201,$A2,'수령 기록'!$D$2:$D$201,"배당")) | G2: =IF($A2="","",SUMIFS('수령 기록'!$E$2:$E$201,'수령 기록'!$B$2:$B$201,$A2)-F2) | H2: =IF($A2="","",F2+G2) | I2: =IF($A2="","",D2*10) | J2: =IF(OR($A2="",D2=""),"",IF(D2=0,"해당 없음",IF(H2>=I2,"도달 · 상한 적용","미도달 · 상한 없음"))) | K2: =IF(OR($A2="",E2=""),"",IF(AND(D2>0,H2<I2),"상한 없음",E2*10000000)) | L2: 예시 줄입니다 — 실제로 쓰실 때 지우고 그 위에 적으세요.
F3: =IF($A3="","",SUMIFS('수령 기록'!$E$2:$E$201,'수령 기록'!$B$2:$B$201,$A3,'수령 기록'!$D$2:$D$201,"배당")) | G3: =IF($A3="","",SUMIFS('수령 기록'!$E$2:$E$201,'수령 기록'!$B$2:$B$201,$A3)-F3) | H3: =IF($A3="","",F3+G3) | I3: =IF($A3="","",D3*10) | J3: =IF(OR($A3="",D3=""),"",IF(D3=0,"해당 없음",IF(H3>=I3,"도달 · 상한 적용","미도달 · 상한 없음"))) | K3: =IF(OR($A3="",E3=""),"",IF(AND(D3>0,H3<I3),"상한 없음",E3*10000000))
F4: =IF($A4="","",SUMIFS('수령 기록'!$E$2:$E$201,'수령 기록'!$B$2:$B$201,$A4,'수령 기록'!$D$2:$D$201,"배당")) | G4: =IF($A4="","",SUMIFS('수령 기록'!$E$2:$E$201,'수령 기록'!$B$2:$B$201,$A4)-F4) | H4: =IF($A4="","",F4+G4) | I4: =IF($A4="","",D4*10) | J4: =IF(OR($A4="",D4=""),"",IF(D4=0,"해당 없음",IF(H4>=I4,"도달 · 상한 적용","미도달 · 상한 없음"))) | K4: =IF(OR($A4="",E4=""),"",IF(AND(D4>0,H4<I4),"상한 없음",E4*10000000))
F5: =IF($A5="","",SUMIFS('수령 기록'!$E$2:$E$201,'수령 기록'!$B$2:$B$201,$A5,'수령 기록'!$D$2:$D$201,"배당")) | G5: =IF($A5="","",SUMIFS('수령 기록'!$E$2:$E$201,'수령 기록'!$B$2:$B$201,$A5)-F5) | H5: =IF($A5="","",F5+G5) | I5: =IF($A5="","",D5*10) | J5: =IF(OR($A5="",D5=""),"",IF(D5=0,"해당 없음",IF(H5>=I5,"도달 · 상한 적용","미도달 · 상한 없음"))) | K5: =IF(OR($A5="",E5=""),"",IF(AND(D5>0,H5<I5),"상한 없음",E5*10000000))
F6: =IF($A6="","",SUMIFS('수령 기록'!$E$2:$E$201,'수령 기록'!$B$2:$B$201,$A6,'수령 기록'!$D$2:$D$201,"배당")) | G6: =IF($A6="","",SUMIFS('수령 기록'!$E$2:$E$201,'수령 기록'!$B$2:$B$201,$A6)-F6) | H6: =IF($A6="","",F6+G6) | I6: =IF($A6="","",D6*10) | J6: =IF(OR($A6="",D6=""),"",IF(D6=0,"해당 없음",IF(H6>=I6,"도달 · 상한 적용","미도달 · 상한 없음"))) | K6: =IF(OR($A6="",E6=""),"",IF(AND(D6>0,H6<I6),"상한 없음",E6*10000000))
F7: =IF($A7="","",SUMIFS('수령 기록'!$E$2:$E$201,'수령 기록'!$B$2:$B$201,$A7,'수령 기록'!$D$2:$D$201,"배당")) | G7: =IF($A7="","",SUMIFS('수령 기록'!$E$2:$E$201,'수령 기록'!$B$2:$B$201,$A7)-F7) | H7: =IF($A7="","",F7+G7) | I7: =IF($A7="","",D7*10) | J7: =IF(OR($A7="",D7=""),"",IF(D7=0,"해당 없음",IF(H7>=I7,"도달 · 상한 적용","미도달 · 상한 없음"))) | K7: =IF(OR($A7="",E7=""),"",IF(AND(D7>0,H7<I7),"상한 없음",E7*10000000))
F8: =IF($A8="","",SUMIFS('수령 기록'!$E$2:$E$201,'수령 기록'!$B$2:$B$201,$A8,'수령 기록'!$D$2:$D$201,"배당")) | G8: =IF($A8="","",SUMIFS('수령 기록'!$E$2:$E$201,'수령 기록'!$B$2:$B$201,$A8)-F8) | H8: =IF($A8="","",F8+G8) | I8: =IF($A8="","",D8*10) | J8: =IF(OR($A8="",D8=""),"",IF(D8=0,"해당 없음",IF(H8>=I8,"도달 · 상한 적용","미도달 · 상한 없음"))) | K8: =IF(OR($A8="",E8=""),"",IF(AND(D8>0,H8<I8),"상한 없음",E8*10000000))
F9: =IF($A9="","",SUMIFS('수령 기록'!$E$2:$E$201,'수령 기록'!$B$2:$B$201,$A9,'수령 기록'!$D$2:$D$201,"배당")) | G9: =IF($A9="","",SUMIFS('수령 기록'!$E$2:$E$201,'수령 기록'!$B$2:$B$201,$A9)-F9) | H9: =IF($A9="","",F9+G9) | I9: =IF($A9="","",D9*10) | J9: =IF(OR($A9="",D9=""),"",IF(D9=0,"해당 없음",IF(H9>=I9,"도달 · 상한 적용","미도달 · 상한 없음"))) | K9: =IF(OR($A9="",E9=""),"",IF(AND(D9>0,H9<I9),"상한 없음",E9*10000000))
F10: =IF($A10="","",SUMIFS('수령 기록'!$E$2:$E$201,'수령 기록'!$B$2:$B$201,$A10,'수령 기록'!$D$2:$D$201,"배당")) | G10: =IF($A10="","",SUMIFS('수령 기록'!$E$2:$E$201,'수령 기록'!$B$2:$B$201,$A10)-F10) | H10: =IF($A10="","",F10+G10) | I10: =IF($A10="","",D10*10) | J10: =IF(OR($A10="",D10=""),"",IF(D10=0,"해당 없음",IF(H10>=I10,"도달 · 상한 적용","미도달 · 상한 없음"))) | K10: =IF(OR($A10="",E10=""),"",IF(AND(D10>0,H10<I10),"상한 없음",E10*10000000))
F11: =IF($A11="","",SUMIFS('수령 기록'!$E$2:$E$201,'수령 기록'!$B$2:$B$201,$A11,'수령 기록'!$D$2:$D$201,"배당")) | G11: =IF($A11="","",SUMIFS('수령 기록'!$E$2:$E$201,'수령 기록'!$B$2:$B$201,$A11)-F11) | H11: =IF($A11="","",F11+G11) | I11: =IF($A11="","",D11*10) | J11: =IF(OR($A11="",D11=""),"",IF(D11=0,"해당 없음",IF(H11>=I11,"도달 · 상한 적용","미도달 · 상한 없음"))) | K11: =IF(OR($A11="",E11=""),"",IF(AND(D11>0,H11<I11),"상한 없음",E11*10000000))
F12: =IF($A12="","",SUMIFS('수령 기록'!$E$2:$E$201,'수령 기록'!$B$2:$B$201,$A12,'수령 기록'!$D$2:$D$201,"배당")) | G12: =IF($A12="","",SUMIFS('수령 기록'!$E$2:$E$201,'수령 기록'!$B$2:$B$201,$A12)-F12) | H12: =IF($A12="","",F12+G12) | I12: =IF($A12="","",D12*10) | J12: =IF(OR($A12="",D12=""),"",IF(D12=0,"해당 없음",IF(H12>=I12,"도달 · 상한 적용","미도달 · 상한 없음"))) | K12: =IF(OR($A12="",E12=""),"",IF(AND(D12>0,H12<I12),"상한 없음",E12*10000000))
F13: =IF($A13="","",SUMIFS('수령 기록'!$E$2:$E$201,'수령 기록'!$B$2:$B$201,$A13,'수령 기록'!$D$2:$D$201,"배당")) | G13: =IF($A13="","",SUMIFS('수령 기록'!$E$2:$E$201,'수령 기록'!$B$2:$B$201,$A13)-F13) | H13: =IF($A13="","",F13+G13) | I13: =IF($A13="","",D13*10) | J13: =IF(OR($A13="",D13=""),"",IF(D13=0,"해당 없음",IF(H13>=I13,"도달 · 상한 적용","미도달 · 상한 없음"))) | K13: =IF(OR($A13="",E13=""),"",IF(AND(D13>0,H13<I13),"상한 없음",E13*10000000))
F14: =IF($A14="","",SUMIFS('수령 기록'!$E$2:$E$201,'수령 기록'!$B$2:$B$201,$A14,'수령 기록'!$D$2:$D$201,"배당")) | G14: =IF($A14="","",SUMIFS('수령 기록'!$E$2:$E$201,'수령 기록'!$B$2:$B$201,$A14)-F14) | H14: =IF($A14="","",F14+G14) | I14: =IF($A14="","",D14*10) | J14: =IF(OR($A14="",D14=""),"",IF(D14=0,"해당 없음",IF(H14>=I14,"도달 · 상한 적용","미도달 · 상한 없음"))) | K14: =IF(OR($A14="",E14=""),"",IF(AND(D14>0,H14<I14),"상한 없음",E14*10000000))
... F21: =IF($A21="","",SUMIFS('수령 기록'!$E$2:$E$201,'수령 기록'!$B$2:$B$201,$A21,'수령 기록'!$D$2:$D$201,"배당")) | G21: =IF($A21="","",SUMIFS('수령 기록'!$E$2:$E$201,'수령 기록'!$B$2:$B$201,$A21)-F21) | H21: =IF($A21="","",F21+G21) | I21: =IF($A21="","",D21*10) | J21: =IF(OR($A21="",D21=""),"",IF(D21=0,"해당 없음",IF(H21>=I21,"도달 · 상한 적용","미도달 · 상한 없음"))) | K21: =IF(OR($A21="",E21=""),"",IF(AND(D21>0,H21<I21),"상한 없음",E21*10000000))
A23: 노란 칸 = 손으로 적는 곳 · 회색 칸 = 자동 계산(손대지 않음). 「10배 도달?」이 «미도달»이면 그 사람은 아직 배당 상한이 걸리지 않습니다.

Sheet 수령 기록
A1: 지급일 | B1: 주주 이름 | C1: 법인 | D1: 종류 | E1: 금액(원) | F1: 메모
A2: 2027-03-31 | B2: (예시) 홍길동 | C2: SYNK LAB | D2: 배당 | E2: 30000000 | F2: 예시 줄입니다 — 실제로 쓰실 때 지우세요. 주주 이름은 「주주 명부」와 «글자까지 똑같이» 적어야 합계가 잡힙니다.
D203: 합계 | E203: =SUM(E2:E201)

Sheet 기여 보고
A1: 월 기여 보고 제출 기록
A2: 사람마다 한 줄, 달마다 한 칸. 냈으면 O, 안 냈으면 X. 맨 오른쪽 칸이 «지금 몇 회 연속으로 안 냈는지»를 자동으로 셉니다.
A4: 주주 이름 | B4: 1월차 | C4: 2월차 | D4: 3월차 | E4: 4월차 | F4: 5월차 | G4: 6월차 | H4: 7월차 | I4: 8월차 | J4: 9월차 | K4: 10월차 | L4: 11월차 | M4: 12월차 | N4: 13월차 | O4: 14월차 | P4: 15월차 | Q4: 16월차 | R4: 17월차 | S4: 18월차 | T4: 19월차 | U4: 20월차 | V4: 21월차 | W4: 22월차 | X4: 23월차 | Y4: 24월차 | Z4: 최근 3개월 미제출 | AA4: 미제출 누계
A5: (예시) 홍길동 | B5: O | C5: O | D5: X | Z5: =IF($A5="","",IF(COUNTA($B5:$Y5)<3,COUNTIF($B5:$Y5,"X"),COUNTIF(OFFSET($B5,0,COUNTA($B5:$Y5)-3,1,3),"X"))) | AA5: =IF($A5="","",COUNTIF($B5:$Y5,"X"))
Z6: =IF($A6="","",IF(COUNTA($B6:$Y6)<3,COUNTIF($B6:$Y6,"X"),COUNTIF(OFFSET($B6,0,COUNTA($B6:$Y6)-3,1,3),"X"))) | AA6: =IF($A6="","",COUNTIF($B6:$Y6,"X"))
Z7: =IF($A7="","",IF(COUNTA($B7:$Y7)<3,COUNTIF($B7:$Y7,"X"),COUNTIF(OFFSET($B7,0,COUNTA($B7:$Y7)-3,1,3),"X"))) | AA7: =IF($A7="","",COUNTIF($B7:$Y7,"X"))
Z8: =IF($A8="","",IF(COUNTA($B8:$Y8)<3,COUNTIF($B8:$Y8,"X"),COUNTIF(OFFSET($B8,0,COUNTA($B8:$Y8)-3,1,3),"X"))) | AA8: =IF($A8="","",COUNTIF($B8:$Y8,"X"))
Z9: =IF($A9="","",IF(COUNTA($B9:$Y9)<3,COUNTIF($B9:$Y9,"X"),COUNTIF(OFFSET($B9,0,COUNTA($B9:$Y9)-3,1,3),"X"))) | AA9: =IF($A9="","",COUNTIF($B9:$Y9,"X"))
Z10: =IF($A10="","",IF(COUNTA($B10:$Y10)<3,COUNTIF($B10:$Y10,"X"),COUNTIF(OFFSET($B10,0,COUNTA($B10:$Y10)-3,1,3),"X"))) | AA10: =IF($A10="","",COUNTIF($B10:$Y10,"X"))
Z11: =IF($A11="","",IF(COUNTA($B11:$Y11)<3,COUNTIF($B11:$Y11,"X"),COUNTIF(OFFSET($B11,0,COUNTA($B11:$Y11)-3,1,3),"X"))) | AA11: =IF($A11="","",COUNTIF($B11:$Y11,"X"))
Z12: =IF($A12="","",IF(COUNTA($B12:$Y12)<3,COUNTIF($B12:$Y12,"X"),COUNTIF(OFFSET($B12,0,COUNTA($B12:$Y12)-3,1,3),"X"))) | AA12: =IF($A12="","",COUNTIF($B12:$Y12,"X"))
Z13: =IF($A13="","",IF(COUNTA($B13:$Y13)<3,COUNTIF($B13:$Y13,"X"),COUNTIF(OFFSET($B13,0,COUNTA($B13:$Y13)-3,1,3),"X"))) | AA13: =IF($A13="","",COUNTIF($B13:$Y13,"X"))
Z14: =IF($A14="","",IF(COUNTA($B14:$Y14)<3,COUNTIF($B14:$Y14,"X"),COUNTIF(OFFSET($B14,0,COUNTA($B14:$Y14)-3,1,3),"X"))) | AA14: =IF($A14="","",COUNTIF($B14:$Y14,"X"))
Z15: =IF($A15="","",IF(COUNTA($B15:$Y15)<3,COUNTIF($B15:$Y15,"X"),COUNTIF(OFFSET($B15,0,COUNTA($B15:$Y15)-3,1,3),"X"))) | AA15: =IF($A15="","",COUNTIF($B15:$Y15,"X"))
Z16: =IF($A16="","",IF(COUNTA($B16:$Y16)<3,COUNTIF($B16:$Y16,"X"),COUNTIF(OFFSET($B16,0,COUNTA($B16:$Y16)-3,1,3),"X"))) | AA16: =IF($A16="","",COUNTIF($B16:$Y16,"X"))
Z17: =IF($A17="","",IF(COUNTA($B17:$Y17)<3,COUNTIF($B17:$Y17,"X"),COUNTIF(OFFSET($B17,0,COUNTA($B17:$Y17)-3,1,3),"X"))) | AA17: =IF($A17="","",COUNTIF($B17:$Y17,"X"))
... Z24: =IF($A24="","",IF(COUNTA($B24:$Y24)<3,COUNTIF($B24:$Y24,"X"),COUNTIF(OFFSET($B24,0,COUNTA($B24:$Y24)-3,1,3),"X"))) | AA24: =IF($A24="","",COUNTIF($B24:$Y24,"X"))
A27: 「최근 3개월 미제출」이 3 이면 주주간 계약의 강제매수 조건 하나가 채워진 것입니다 — 그때 서면 경고와 개선 기간(계약에 정한 기간)을 시작합니다.
A28: ※ 이 칸은 «왼쪽부터 빠짐없이 순서대로» 채운다는 전제로 마지막 3칸을 셉니다. 중간을 비워 두면 숫자가 어긋나니, 해당 없는 달도 «-» 로 채워 두세요.
